<?xml version="1.0" encoding="UTF-8"?>
<project-private xmlns="http://www.netbeans.org/ns/project-private/1">
    <editor-bookmarks xmlns="http://www.netbeans.org/ns/editor-bookmarks/2" lastBookmarkId="0"/>
    <open-files xmlns="http://www.netbeans.org/ns/projectui-open-files/2">
        <group>
            <file>file:/X:/My%20Documents/NetBeansProjects/Casinoting/Casino/Casino/src/casino/Casino.java</file>
            <file>file:/X:/My%20Documents/NetBeansProjects/Casinoting/Casino/Casino/src/casino/Login.java</file>
            <file>file:/X:/My%20Documents/NetBeansProjects/Casinoting/Casino/Casino/src/casino/MainMenu.java</file>
            <file>file:/X:/My%20Documents/NetBeansProjects/Casinoting/Casino/Casino/src/casino/BlackJack.java</file>
        </group>
    </open-files>
</project-private>
